plant_country,country,typ_11,mw_2018,efficiency_factor,co2_factor,fuel_price,co2_price,av_factor,gen_capacity,mc,mean_demand,sd_demand,min_demand,max_demand
Austria,AT,g2,829.9841,.37,.191,20.23,20,.79000002,655.68744,65,7265.9082,1418.0259,4223.2998,10802.9
Austria,AT,o3,119.964,.35,.27399999,37.130001,20,.81,97.170837,121.74286,7265.9082,1418.0259,4223.2998,10802.9
Austria,AT,r1,8817.491440399997,1,0,12,20,.5,4408.7456,12,7265.9082,1418.0259,4223.2998,10802.9
Austria,AT,res,8517.6522066,.7054545454545456,0,0,20,.30000001,2555.2957,0,7265.9082,1418.0259,4223.2998,10802.9
Austria,AT,o1,177.4672,.355,.27399999,37.130001,20,.80000001,141.97375,120.02817,7265.9082,1418.0259,4223.2998,10802.9
Austria,AT,g3,3133.28813,.5533333333333333,.191,20.23,20,.81,2537.9634,43.463856,7265.9082,1418.0259,4223.2998,10802.9
Austria,AT,g4,.844,.36,.191,20.23,20,.74000001,.62456,66.805557,7265.9082,1418.0259,4223.2998,10802.9
Austria,AT,g1,420.4895959999999,.3433333333333333,.191,20.23,20,.80000001,336.39169,70.048546,7265.9082,1418.0259,4223.2998,10802.9
Austria,AT,o2,295.9908,.37,.27399999,37.130001,20,.79000002,233.83273,115.16216,7265.9082,1418.0259,4223.2998,10802.9
Austria,AT,c2,365,.3575,.33700001,8.8900003,20,.76999998,281.04999,43.72028,7265.9082,1418.0259,4223.2998,10802.9
Austria,AT,c1,226.9546,.33,.38499999,7.112,20,.80000001,181.56369,44.88485,7265.9082,1418.0259,4223.2998,10802.9
Belgium,BE,o2,43.3,.4,.27399999,37.130001,20,.79000002,34.207001,106.525,9987.0684,1322.6182,6832.7876,13231.33
Belgium,BE,c2,0,.3675,.33700001,8.8900003,20,.76999998,0,42.530613,9987.0684,1322.6182,6832.7876,13231.33
Belgium,BE,o1,145.6,.34,.27399999,37.130001,20,.80000001,116.48,125.32353,9987.0684,1322.6182,6832.7876,13231.33
Belgium,BE,g4,183.196,.36,.191,20.23,20,.74000001,135.56505,66.805557,9987.0684,1322.6182,6832.7876,13231.33
Belgium,BE,g3,3577,.5599999999999999,.191,20.23,20,.81,2897.3701,42.946426,9987.0684,1322.6182,6832.7876,13231.33
Belgium,BE,o3,350,.35,.27399999,37.130001,20,.81,283.5,121.74286,9987.0684,1322.6182,6832.7876,13231.33
Belgium,BE,r1,100.0520000000001,1,0,12,20,.5,50.026001,12,9987.0684,1322.6182,6832.7876,13231.33
Belgium,BE,g1,961.6000000000001,.3433333333333333,.191,20.23,20,.80000001,769.28003,70.048546,9987.0684,1322.6182,6832.7876,13231.33
Belgium,BE,o4,43.208,.3500000071525574,.27399999,37.130001,20,.74000001,31.973921,121.74286,9987.0684,1322.6182,6832.7876,13231.33
Belgium,BE,res,7360.832070000003,.676,0,0,20,.30000001,2208.2498,0,9987.0684,1322.6182,6832.7876,13231.33
Belgium,BE,g2,641.8,.4,.191,20.23,20,.79000002,507.022,60.125,9987.0684,1322.6182,6832.7876,13231.33
Belgium,BE,n,5838.206799999994,1,.029999999,9,20,.83999997,4904.0938,9.6000004,9987.0684,1322.6182,6832.7876,13231.33
Bulgaria,BG,g3,50,.61,.191,20.23,20,.81,40.5,39.426228,4358.3354,884.83801,2618,7131
Bulgaria,BG,g1,17.84,.38,.191,20.23,20,.80000001,14.272,63.289471,4358.3354,884.83801,2618,7131
Bulgaria,BG,res,2391.95,.8100000000000001,0,0,20,.30000001,717.58502,0,4358.3354,884.83801,2618,7131
Bulgaria,BG,g2,214,.4,.191,20.23,20,.79000002,169.06,60.125,4358.3354,884.83801,2618,7131
Bulgaria,BG,g4,8.800000000000001,.36,.191,20.23,20,.74000001,6.5120001,66.805557,4358.3354,884.83801,2618,7131
Bulgaria,BG,c2,219.2,.34,.33700001,8.8900003,20,.76999998,168.784,45.970589,4358.3354,884.83801,2618,7131
Bulgaria,BG,n,2153,1,.029999999,9,20,.83999997,1808.5199,9.6000004,4358.3354,884.83801,2618,7131
Bulgaria,BG,c1,4647,.3627272727272727,.38499999,7.112,20,.80000001,3717.6001,40.835087,4358.3354,884.83801,2618,7131
Bulgaria,BG,r1,1946.951,1,0,12,20,.5,973.47552,12,4358.3354,884.83801,2618,7131
Switzerland,CH,r1,11426.87979379999,1,0,12,20,.5,5713.4399,12,6725.4556,941.22107,4252.0098,9826
Switzerland,CH,g2,20,.38,.191,20.23,20,.79000002,15.8,63.289471,6725.4556,941.22107,4252.0098,9826
Switzerland,CH,g1,57.96,.365,.191,20.23,20,.80000001,46.368,65.890411,6725.4556,941.22107,4252.0098,9826
Switzerland,CH,c2,20,.38,.33700001,8.8900003,20,.76999998,15.4,41.13158,6725.4556,941.22107,4252.0098,9826
Switzerland,CH,res,6281.047655999999,.6239999999999999,0,0,20,.30000001,1884.3143,0,6725.4556,941.22107,4252.0098,9826
Switzerland,CH,o4,24.33,.32,.27399999,37.130001,20,.74000001,18.0042,133.15625,6725.4556,941.22107,4252.0098,9826
Switzerland,CH,o1,54.12,.355,.27399999,37.130001,20,.80000001,43.296001,120.02817,6725.4556,941.22107,4252.0098,9826
Switzerland,CH,g4,.36,.36,.191,20.23,20,.74000001,.26640001,66.805557,6725.4556,941.22107,4252.0098,9826
Switzerland,CH,g3,170.17,.57,.191,20.23,20,.81,137.83771,42.192982,6725.4556,941.22107,4252.0098,9826
Switzerland,CH,n,3220.2135,1,.029999999,9,20,.83999997,2704.9792,9.6000004,6725.4556,941.22107,4252.0098,9826
Switzerland,CH,o2,0,.36,.27399999,37.130001,20,.79000002,0,118.36111,6725.4556,941.22107,4252.0098,9826
Cyprus,CY,g3,220,.61,.191,20.23,20,.81,178.2,39.426228,502.91406,124.24499,271.20001,902.39001
Cyprus,CY,o2,750,.4,.27399999,37.130001,20,.79000002,592.5,106.525,502.91406,124.24499,271.20001,902.39001
Cyprus,CY,res,212.9,1,0,0,20,.30000001,63.870003,0,502.91406,124.24499,271.20001,902.39001
Cyprus,CY,o3,220,.6000000238418579,.27399999,37.130001,20,.81,178.2,71.016663,502.91406,124.24499,271.20001,902.39001
Cyprus,CY,o1,188,.38,.27399999,37.130001,20,.80000001,150.40001,112.13158,502.91406,124.24499,271.20001,902.39001
Czech Republic,CZ,res,3673.195,.8,0,0,20,.30000001,1101.9585,0,7622.8594,1304.0376,4650.6401,11142.18
Czech Republic,CZ,n,3848,1,.029999999,9,20,.83999997,3232.3198,9.6000004,7622.8594,1304.0376,4650.6401,11142.18
Czech Republic,CZ,o4,22,.3600000143051147,.27399999,37.130001,20,.74000001,16.280001,118.36111,7622.8594,1304.0376,4650.6401,11142.18
Czech Republic,CZ,r1,865.984,1,0,12,20,.5,432.992,12,7622.8594,1304.0376,4650.6401,11142.18
Czech Republic,CZ,c1,8683.670130000002,.3627272727272727,.38499999,7.112,20,.80000001,6946.936,40.835087,7622.8594,1304.0376,4650.6401,11142.18
Czech Republic,CZ,g3,1342.70237,.59,.191,20.23,20,.81,1087.5889,40.762711,7622.8594,1304.0376,4650.6401,11142.18
Czech Republic,CZ,g2,59.4,.44,.191,20.23,20,.79000002,46.926003,54.659088,7622.8594,1304.0376,4650.6401,11142.18
Czech Republic,CZ,g1,321.3,.365,.191,20.23,20,.80000001,257.04001,65.890411,7622.8594,1304.0376,4650.6401,11142.18
Czech Republic,CZ,c2,1943.81,.3725,.33700001,8.8900003,20,.76999998,1496.7336,41.959732,7622.8594,1304.0376,4650.6401,11142.18
Czech Republic,CZ,g4,25.253,.36,.191,20.23,20,.74000001,18.68722,66.805557,7622.8594,1304.0376,4650.6401,11142.18
Czech Republic,CZ,o2,108.75,.4,.27399999,37.130001,20,.79000002,85.912506,106.525,7622.8594,1304.0376,4650.6401,11142.18
Germany,DE,o3,13,.35,.27399999,37.130001,20,.81,10.53,121.74286,58062.836,9891.7705,35434.309,78326.914
Germany,DE,c1,21182.9,.3699999999999999,.38499999,7.112,20,.80000001,16946.32,40.032433,58062.836,9891.7705,35434.309,78326.914
Germany,DE,g4,335.556,.36,.191,20.23,20,.74000001,248.31145,66.805557,58062.836,9891.7705,35434.309,78326.914
Germany,DE,g3,16648.1645,.5414285714285715,.191,20.23,20,.81,13485.014,44.419525,58062.836,9891.7705,35434.309,78326.914
Germany,DE,r1,2901.133221999999,1,0,12,20,.5,1450.5667,12,58062.836,9891.7705,35434.309,78326.914
Germany,DE,o4,69.3,.3500000071525574,.27399999,37.130001,20,.74000001,51.282001,121.74286,58062.836,9891.7705,35434.309,78326.914
Germany,DE,o2,1407.86,.3933333333333334,.27399999,37.130001,20,.79000002,1112.2095,108.33051,58062.836,9891.7705,35434.309,78326.914
Germany,DE,n,9467.999999999998,1,.029999999,9,20,.83999997,7953.1196,9.6000004,58062.836,9891.7705,35434.309,78326.914
Germany,DE,res,108005.4313167999,.6240000000000001,0,0,20,.30000001,32401.631,0,58062.836,9891.7705,35434.309,78326.914
Germany,DE,c2,24901.6374,.3727272727272727,.33700001,8.8900003,20,.76999998,19174.26,41.934147,58062.836,9891.7705,35434.309,78326.914
Germany,DE,o1,1479.2,.3533333333333333,.27399999,37.130001,20,.80000001,1183.36,120.59435,58062.836,9891.7705,35434.309,78326.914
Germany,DE,g2,4226.35814,.3733333333333333,.191,20.23,20,.79000002,3338.823,64.41964,58062.836,9891.7705,35434.309,78326.914
Germany,DE,g1,3603.057800000001,.3433333333333333,.191,20.23,20,.80000001,2882.4463,70.048546,58062.836,9891.7705,35434.309,78326.914
Denmark,DK,res,8510.564400000001,.58,0,0,20,.30000001,2553.1694,0,3834.49,743.86591,2253.99,7731.0601
Denmark,DK,g1,461.1948,.365,.191,20.23,20,.80000001,368.95584,65.890411,3834.49,743.86591,2253.99,7731.0601
Denmark,DK,c2,2532,.3724999999999999,.33700001,8.8900003,20,.76999998,1949.6399,41.959732,3834.49,743.86591,2253.99,7731.0601
Denmark,DK,g3,390.8,.5566666666666666,.191,20.23,20,.81,316.548,43.20359,3834.49,743.86591,2253.99,7731.0601
Denmark,DK,o1,203,.34,.27399999,37.130001,20,.80000001,162.40001,125.32353,3834.49,743.86591,2253.99,7731.0601
Denmark,DK,g2,127.5,.388,.191,20.23,20,.79000002,100.72501,61.984535,3834.49,743.86591,2253.99,7731.0601
Denmark,DK,o2,574.9,.3866666666666667,.27399999,37.130001,20,.79000002,454.17102,110.19828,3834.49,743.86591,2253.99,7731.0601
Denmark,DK,r1,5.9,1,0,12,20,.5,2.95,12,3834.49,743.86591,2253.99,7731.0601
Denmark,DK,o4,139.577,.333333338101705,.27399999,37.130001,20,.74000001,103.28698,127.83,3834.49,743.86591,2253.99,7731.0601
Denmark,DK,c1,45,.395,.38499999,7.112,20,.80000001,36,37.498734,3834.49,743.86591,2253.99,7731.0601
Denmark,DK,g4,843.1309599999998,.35,.191,20.23,20,.74000001,623.91693,68.714287,3834.49,743.86591,2253.99,7731.0601
Estonia,EE,g2,190,.4,.191,20.23,20,.79000002,150.10001,60.125,965.27002,211.22879,451.5,1547.4
Estonia,EE,o4,8,.34,.27399999,37.130001,20,.74000001,5.9200001,125.32353,965.27002,211.22879,451.5,1547.4
Estonia,EE,g4,5.95,.36,.191,20.23,20,.74000001,4.4029999,66.805557,965.27002,211.22879,451.5,1547.4
Estonia,EE,res,682.3999999999999,.72,0,0,20,.30000001,204.72,0,965.27002,211.22879,451.5,1547.4
Estonia,EE,g1,258,.365,.191,20.23,20,.80000001,206.40001,65.890411,965.27002,211.22879,451.5,1547.4
Estonia,EE,o2,2369,.4,.27399999,37.130001,20,.79000002,1871.51,106.525,965.27002,211.22879,451.5,1547.4
Spain,ES,res,35754.0849,.6490909090909092,0,0,20,.30000001,10726.226,0,29064.064,4626.6533,18179,40693
Spain,ES,c1,5365.22,.3844444444444444,.38499999,7.112,20,.80000001,4292.1763,38.528324,29064.064,4626.6533,18179,40693
Spain,ES,o1,1314.5751,.3533333333333333,.27399999,37.130001,20,.80000001,1051.6602,120.59435,29064.064,4626.6533,18179,40693
Spain,ES,g3,26895.976,.58,.191,20.23,20,.81,21785.74,41.465515,29064.064,4626.6533,18179,40693
Spain,ES,r1,14515.1484974,1,0,12,20,.5,7257.5742,12,29064.064,4626.6533,18179,40693
Spain,ES,o4,264.130233,.3500000071525574,.27399999,37.130001,20,.74000001,195.45638,121.74286,29064.064,4626.6533,18179,40693
Spain,ES,n,7148.310000000001,1,.029999999,9,20,.83999997,6004.5801,9.6000004,29064.064,4626.6533,18179,40693
Spain,ES,c2,4922.41,.3916666666666667,.33700001,8.8900003,20,.76999998,3790.2556,39.906384,29064.064,4626.6533,18179,40693
Spain,ES,o2,1289.9878801,.4,.27399999,37.130001,20,.79000002,1019.0905,106.525,29064.064,4626.6533,18179,40693
Spain,ES,g2,278.614217,.4133333333333333,.191,20.23,20,.79000002,220.10524,58.185482,29064.064,4626.6533,18179,40693
Spain,ES,g1,3323.769977999999,.3433333333333333,.191,20.23,20,.80000001,2659.0161,70.048546,29064.064,4626.6533,18179,40693
Spain,ES,g4,143.717,.36,.191,20.23,20,.74000001,106.35058,66.805557,29064.064,4626.6533,18179,40693
Spain,ES,o3,219,.35,.27399999,37.130001,20,.81,177.39,121.74286,29064.064,4626.6533,18179,40693
Finland,FI,g2,312.9,.4,.191,20.23,20,.79000002,247.19101,60.125,9792.7422,1634.1708,6347.8999,14062
Finland,FI,n,2821.823000000001,1,.029999999,9,20,.83999997,2370.3313,9.6000004,9792.7422,1634.1708,6347.8999,14062
Finland,FI,c2,1658.5897,.3725,.33700001,8.8900003,20,.76999998,1277.114,41.959732,9792.7422,1634.1708,6347.8999,14062
Finland,FI,o1,624.9999999999993,.355,.27399999,37.130001,20,.80000001,500,120.02817,9792.7422,1634.1708,6347.8999,14062
Finland,FI,res,6762.447920999998,.5771428571428572,0,0,20,.30000001,2028.7345,0,9792.7422,1634.1708,6347.8999,14062
Finland,FI,g1,671.1072,.3433333333333333,.191,20.23,20,.80000001,536.88574,70.048546,9792.7422,1634.1708,6347.8999,14062
Finland,FI,g3,1831.42094,.5439999999999999,.191,20.23,20,.81,1483.4509,44.209557,9792.7422,1634.1708,6347.8999,14062
Finland,FI,o4,30.44,.34,.27399999,37.130001,20,.74000001,22.5256,125.32353,9792.7422,1634.1708,6347.8999,14062
Finland,FI,c1,26.7,.3666666666666666,.38499999,7.112,20,.80000001,21.360001,40.396362,9792.7422,1634.1708,6347.8999,14062
Finland,FI,g4,40.9,.35,.191,20.23,20,.74000001,30.266001,68.714287,9792.7422,1634.1708,6347.8999,14062
Finland,FI,o3,0,.6000000238418579,.27399999,37.130001,20,.81,0,71.016663,9792.7422,1634.1708,6347.8999,14062
Finland,FI,r1,3396.307120000002,1,0,12,20,.5,1698.1536,12,9792.7422,1634.1708,6347.8999,14062
Finland,FI,o2,119,.4133333333333333,.27399999,37.130001,20,.79000002,94.010002,103.08871,9792.7422,1634.1708,6347.8999,14062
France,FR,res,27115.195165,.6781818181818182,0,0,20,.30000001,8134.5591,0,53809.922,11919.481,30630,94492
France,FR,n,62949.127,1,.029999999,9,20,.83999997,52877.266,9.6000004,53809.922,11919.481,30630,94492
France,FR,g2,249.652,.3800000000000001,.191,20.23,20,.79000002,197.22508,63.289471,53809.922,11919.481,30630,94492
France,FR,r1,19690.0755,1,0,12,20,.5,9845.0381,12,53809.922,11919.481,30630,94492
France,FR,o2,0,.3933333333333334,.27399999,37.130001,20,.79000002,0,108.33051,53809.922,11919.481,30630,94492
France,FR,c1,642.5,.3766666666666666,.38499999,7.112,20,.80000001,514,39.323895,53809.922,11919.481,30630,94492
France,FR,g1,2265.340000000001,.38,.191,20.23,20,.80000001,1812.272,63.289471,53809.922,11919.481,30630,94492
France,FR,g3,6154.000000000001,.5499999999999999,.191,20.23,20,.81,4984.7402,43.727272,53809.922,11919.481,30630,94492
France,FR,o1,1689,.3533333333333333,.27399999,37.130001,20,.80000001,1351.2001,120.59435,53809.922,11919.481,30630,94492
France,FR,g4,2.653,.36,.191,20.23,20,.74000001,1.96322,66.805557,53809.922,11919.481,30630,94492
France,FR,o4,247,.34,.27399999,37.130001,20,.74000001,182.78,125.32353,53809.922,11919.481,30630,94492
France,FR,c2,2348,.34,.33700001,8.8900003,20,.76999998,1807.96,45.970589,53809.922,11919.481,30630,94492
Greece,GR,o1,419.6,.3533333333333333,.27399999,37.130001,20,.80000001,335.67999,120.59435,5847.9478,1065.7405,3339.73,9111.6104
Greece,GR,c2,0,.48,.33700001,8.8900003,20,.76999998,0,32.5625,5847.9478,1065.7405,3339.73,9111.6104
Greece,GR,o2,313.35,.4,.27399999,37.130001,20,.79000002,247.54651,106.525,5847.9478,1065.7405,3339.73,9111.6104
Greece,GR,r1,2513.800000000001,1,0,12,20,.5,1256.9,12,5847.9478,1065.7405,3339.73,9111.6104
Greece,GR,g3,5170.382,.59,.191,20.23,20,.81,4188.0093,40.762711,5847.9478,1065.7405,3339.73,9111.6104
Greece,GR,g1,233.362,.38,.191,20.23,20,.80000001,186.68961,63.289471,5847.9478,1065.7405,3339.73,9111.6104
Greece,GR,res,5958.070000000002,.895,0,0,20,.30000001,1787.421,0,5847.9478,1065.7405,3339.73,9111.6104
Greece,GR,g2,0,.44,.191,20.23,20,.79000002,0,54.659088,5847.9478,1065.7405,3339.73,9111.6104
Greece,GR,c1,3912,.36,.38499999,7.112,20,.80000001,3129.6001,41.144444,5847.9478,1065.7405,3339.73,9111.6104
Greece,GR,o4,385.5,.3500000071525574,.27399999,37.130001,20,.74000001,285.26999,121.74286,5847.9478,1065.7405,3339.73,9111.6104
Croatia,HR,g2,0,.44,.191,20.23,20,.79000002,0,54.659088,2074.7915,386.83014,1232,3156
Croatia,HR,r1,2077.74,1,0,12,20,.5,1038.87,12,2074.7915,386.83014,1232,3156
Croatia,HR,o2,554.5,.3866666666666667,.27399999,37.130001,20,.79000002,438.05502,110.19828,2074.7915,386.83014,1232,3156
Croatia,HR,g1,50,.365,.191,20.23,20,.80000001,40,65.890411,2074.7915,386.83014,1232,3156
Croatia,HR,res,951.8099999999999,.6885714285714286,0,0,20,.30000001,285.543,0,2074.7915,386.83014,1232,3156
Croatia,HR,c1,228,.38,.38499999,7.112,20,.80000001,182.40001,38.978947,2074.7915,386.83014,1232,3156
Croatia,HR,g3,689,.5599999999999999,.191,20.23,20,.81,558.09003,42.946426,2074.7915,386.83014,1232,3156
Hungary,HU,o4,1.04,.34,.27399999,37.130001,20,.74000001,.76960003,125.32353,4944.0767,715.48608,3029.8899,6572.3999
Hungary,HU,n,2000,1,.029999999,9,20,.83999997,1680,9.6000004,4944.0767,715.48608,3029.8899,6572.3999
Hungary,HU,g1,610.3966500000001,.365,.191,20.23,20,.80000001,488.31732,65.890411,4944.0767,715.48608,3029.8899,6572.3999
Hungary,HU,c2,0,.315,.33700001,8.8900003,20,.76999998,0,49.619049,4944.0767,715.48608,3029.8899,6572.3999
Hungary,HU,c1,967.9999999999999,.345,.38499999,7.112,20,.80000001,774.40002,42.933334,4944.0767,715.48608,3029.8899,6572.3999
Hungary,HU,r1,41.40000000000001,1,0,12,20,.5,20.700001,12,4944.0767,715.48608,3029.8899,6572.3999
Hungary,HU,o2,14,.36,.27399999,37.130001,20,.79000002,11.06,118.36111,4944.0767,715.48608,3029.8899,6572.3999
Hungary,HU,res,497.8,.5833333333333334,0,0,20,.30000001,149.34001,0,4944.0767,715.48608,3029.8899,6572.3999
Hungary,HU,g4,102.0699999999999,.36,.191,20.23,20,.74000001,75.531799,66.805557,4944.0767,715.48608,3029.8899,6572.3999
Hungary,HU,g3,1670.5966,.6,.191,20.23,20,.81,1353.1832,40.083332,4944.0767,715.48608,3029.8899,6572.3999
Hungary,HU,o1,410,.38,.27399999,37.130001,20,.80000001,328,112.13158,4944.0767,715.48608,3029.8899,6572.3999
Hungary,HU,g2,173.1,.3733333333333333,.191,20.23,20,.79000002,136.74901,64.41964,4944.0767,715.48608,3029.8899,6572.3999
Ireland,IE,c1,0,.29,.38499999,7.112,20,.80000001,0,51.075863,3297.5635,602.41608,2044.6599,4877.7051
Ireland,IE,o1,207,.38,.27399999,37.130001,20,.80000001,165.60001,112.13158,3297.5635,602.41608,2044.6599,4877.7051
Ireland,IE,g4,17.594,.36,.191,20.23,20,.74000001,13.01956,66.805557,3297.5635,602.41608,2044.6599,4877.7051
Ireland,IE,c2,900,.39,.33700001,8.8900003,20,.76999998,693,40.076923,3297.5635,602.41608,2044.6599,4877.7051
Ireland,IE,g2,270,.38,.191,20.23,20,.79000002,213.3,63.289471,3297.5635,602.41608,2044.6599,4877.7051
Ireland,IE,res,3895.315,.66,0,0,20,.30000001,1168.5946,0,3297.5635,602.41608,2044.6599,4877.7051
Ireland,IE,o2,632,.37,.27399999,37.130001,20,.79000002,499.28,115.16216,3297.5635,602.41608,2044.6599,4877.7051
Ireland,IE,g1,798.029,.365,.191,20.23,20,.80000001,638.42322,65.890411,3297.5635,602.41608,2044.6599,4877.7051
Ireland,IE,g3,3506,.542,.191,20.23,20,.81,2839.8601,44.372692,3297.5635,602.41608,2044.6599,4877.7051
Ireland,IE,r1,222.9,1,0,12,20,.5,111.45,12,3297.5635,602.41608,2044.6599,4877.7051
Italy,IT,g1,1790.829999999999,.3433333333333333,.191,20.23,20,.80000001,1432.6641,70.048546,33933.309,7554.5933,17610,52412
Italy,IT,res,38884.93660499998,.66,0,0,20,.30000001,11665.481,0,33933.309,7554.5933,17610,52412
Italy,IT,c2,4100.8,.3633333333333333,.33700001,8.8900003,20,.76999998,3157.616,43.018349,33933.309,7554.5933,17610,52412
Italy,IT,o1,81,.365,.27399999,37.130001,20,.80000001,64.800003,116.73973,33933.309,7554.5933,17610,52412
Italy,IT,o4,8.6,.34,.27399999,37.130001,20,.74000001,6.3640003,125.32353,33933.309,7554.5933,17610,52412
Italy,IT,o2,1553.020000000001,.4,.27399999,37.130001,20,.79000002,1226.8859,106.525,33933.309,7554.5933,17610,52412
Italy,IT,g3,38720.04289999999,.576,.191,20.23,20,.81,31363.234,41.753471,33933.309,7554.5933,17610,52412
Italy,IT,n,0,1,.029999999,9,20,.83999997,0,9.6000004,33933.309,7554.5933,17610,52412
Italy,IT,g4,271.5599999999999,.36,.191,20.23,20,.74000001,200.95441,66.805557,33933.309,7554.5933,17610,52412
Italy,IT,c1,2483,.3771428571428571,.38499999,7.112,20,.80000001,1986.4,39.274242,33933.309,7554.5933,17610,52412
Italy,IT,g2,1726.78,.388,.191,20.23,20,.79000002,1364.1563,61.984535,33933.309,7554.5933,17610,52412
Italy,IT,r1,9670.005956199999,1,0,12,20,.5,4835.0029,12,33933.309,7554.5933,17610,52412
Lithuania,LT,n,0,1,.029999999,9,20,.83999997,0,9.6000004,1387.4807,259.1564,864.21997,1983.83
Lithuania,LT,g2,170,.38,.191,20.23,20,.79000002,134.3,63.289471,1387.4807,259.1564,864.21997,1983.83
Lithuania,LT,g1,68,.38,.191,20.23,20,.80000001,54.400002,63.289471,1387.4807,259.1564,864.21997,1983.83
Lithuania,LT,o2,1794,.3866666666666667,.27399999,37.130001,20,.79000002,1417.26,110.19828,1387.4807,259.1564,864.21997,1983.83
Lithuania,LT,res,1630.0305,.736,0,0,20,.30000001,489.00916,0,1387.4807,259.1564,864.21997,1983.83
Lithuania,LT,r1,100.8,1,0,12,20,.5,50.400002,12,1387.4807,259.1564,864.21997,1983.83
Lithuania,LT,g3,479,.61,.191,20.23,20,.81,387.98999,39.426228,1387.4807,259.1564,864.21997,1983.83
Luxembourg,LU,res,1629.658,.7266666666666666,0,0,20,.30000001,488.89743,0,459.12469,121.78964,50.282501,815.75
Luxembourg,LU,g3,0,.6,.191,20.23,20,.81,0,40.083332,459.12469,121.78964,50.282501,815.75
Luxembourg,LU,r1,38.61999999999999,1,0,12,20,.5,19.309999,12,459.12469,121.78964,50.282501,815.75
Luxembourg,LU,o4,.8,.34,.27399999,37.130001,20,.74000001,.59200001,125.32353,459.12469,121.78964,50.282501,815.75
Luxembourg,LU,g4,52.95700000000002,.36,.191,20.23,20,.74000001,39.188179,66.805557,459.12469,121.78964,50.282501,815.75
Luxembourg,LU,g1,27.7,.38,.191,20.23,20,.80000001,22.16,63.289471,459.12469,121.78964,50.282501,815.75
Latvia,LV,o4,10,.3600000143051147,.27399999,37.130001,20,.74000001,7.4000001,118.36111,838.45331,174.10175,459,1252
Latvia,LV,g3,1007,.605,.191,20.23,20,.81,815.66998,39.752064,838.45331,174.10175,459,1252
Latvia,LV,c2,0,.48,.33700001,8.8900003,20,.76999998,0,32.5625,838.45331,174.10175,459,1252
Latvia,LV,o2,24,.4,.27399999,37.130001,20,.79000002,18.960001,106.525,838.45331,174.10175,459,1252
Latvia,LV,res,59.7,.6266666666666666,0,0,20,.30000001,17.91,0,838.45331,174.10175,459,1252
Latvia,LV,g2,0,.36,.191,20.23,20,.79000002,0,66.805557,838.45331,174.10175,459,1252
Latvia,LV,r1,1559.9,1,0,12,20,.5,779.95001,12,838.45331,174.10175,459,1252
Netherlands,NL,c2,4684,.41,.33700001,8.8900003,20,.76999998,3606.6799,38.121952,13096.021,2156.8508,8967.25,18836.75
Netherlands,NL,o1,25,.33,.27399999,37.130001,20,.80000001,20,129.12122,13096.021,2156.8508,8967.25,18836.75
Netherlands,NL,g4,73.81100000000001,.36,.191,20.23,20,.74000001,54.62014,66.805557,13096.021,2156.8508,8967.25,18836.75
Netherlands,NL,g2,844.5,.388,.191,20.23,20,.79000002,667.15503,61.984535,13096.021,2156.8508,8967.25,18836.75
Netherlands,NL,g3,9658.424999999999,.5414285714285715,.191,20.23,20,.81,7823.3242,44.419525,13096.021,2156.8508,8967.25,18836.75
Netherlands,NL,r1,35.15,1,0,12,20,.5,17.575001,12,13096.021,2156.8508,8967.25,18836.75
Netherlands,NL,n,478.9999999999999,1,.029999999,9,20,.83999997,402.35999,9.6000004,13096.021,2156.8508,8967.25,18836.75
Netherlands,NL,res,6254.431999999999,.6599999999999999,0,0,20,.30000001,1876.3297,0,13096.021,2156.8508,8967.25,18836.75
Netherlands,NL,o2,0,.37,.27399999,37.130001,20,.79000002,0,115.16216,13096.021,2156.8508,8967.25,18836.75
Netherlands,NL,g1,1702.272,.3433333333333333,.191,20.23,20,.80000001,1361.8176,70.048546,13096.021,2156.8508,8967.25,18836.75
Norway,NO,r1,29504.78960349999,1,0,12,20,.5,14752.395,12,15468.848,3485.2029,9342.6104,30256.84
Norway,NO,c1,0,.47,.38499999,7.112,20,.80000001,0,31.514893,15468.848,3485.2029,9342.6104,30256.84
Norway,NO,c2,10,.38,.33700001,8.8900003,20,.76999998,7.6999998,41.13158,15468.848,3485.2029,9342.6104,30256.84
Norway,NO,res,4163.208999999999,.7066666666666666,0,0,20,.30000001,1248.9628,0,15468.848,3485.2029,9342.6104,30256.84
Norway,NO,g1,575.5462,.365,.191,20.23,20,.80000001,460.43698,65.890411,15468.848,3485.2029,9342.6104,30256.84
Norway,NO,g3,260,.61,.191,20.23,20,.81,210.60001,39.426228,15468.848,3485.2029,9342.6104,30256.84
Norway,NO,g2,58.2,.43,.191,20.23,20,.79000002,45.978001,55.930233,15468.848,3485.2029,9342.6104,30256.84
Poland,PL,g4,6.6,.36,.191,20.23,20,.74000001,4.8839998,66.805557,19532.16,3190.1538,12261.99,26297.15
Poland,PL,o2,400,.38,.27399999,37.130001,20,.79000002,316,112.13158,19532.16,3190.1538,12261.99,26297.15
Poland,PL,n,0,1,.029999999,9,20,.83999997,0,9.6000004,19532.16,3190.1538,12261.99,26297.15
Poland,PL,c2,20288.17573,.376,.33700001,8.8900003,20,.76999998,15621.895,41.569149,19532.16,3190.1538,12261.99,26297.15
Poland,PL,g1,114.6,.38,.191,20.23,20,.80000001,91.68,63.289471,19532.16,3190.1538,12261.99,26297.15
Poland,PL,res,6942.497000000003,.7266666666666667,0,0,20,.30000001,2082.7493,0,19532.16,3190.1538,12261.99,26297.15
Poland,PL,g3,2023.519,.6,.191,20.23,20,.81,1639.0504,40.083332,19532.16,3190.1538,12261.99,26297.15
Poland,PL,r1,1755.08,1,0,12,20,.5,877.53998,12,19532.16,3190.1538,12261.99,26297.15
Poland,PL,c1,9157.200000000001,.3627272727272727,.38499999,7.112,20,.80000001,7325.7603,40.835087,19532.16,3190.1538,12261.99,26297.15
Poland,PL,g2,8.299999999999999,.44,.191,20.23,20,.79000002,6.5570002,54.659088,19532.16,3190.1538,12261.99,26297.15
Portugal,PT,g1,405.6300000000001,.365,.191,20.23,20,.80000001,324.504,65.890411,5810.7734,1004.3843,3560.8999,8721.4004
Portugal,PT,g3,3960,.6,.191,20.23,20,.81,3207.6001,40.083332,5810.7734,1004.3843,3560.8999,8721.4004
Portugal,PT,c1,1789.74,.4075,.38499999,7.112,20,.80000001,1431.792,36.348465,5810.7734,1004.3843,3560.8999,8721.4004
Portugal,PT,o2,355.06,.4,.27399999,37.130001,20,.79000002,280.49741,106.525,5810.7734,1004.3843,3560.8999,8721.4004
Portugal,PT,o1,305.6,.3533333333333333,.27399999,37.130001,20,.80000001,244.48001,120.59435,5810.7734,1004.3843,3560.8999,8721.4004
Portugal,PT,n,0,1,.029999999,9,20,.83999997,0,9.6000004,5810.7734,1004.3843,3560.8999,8721.4004
Portugal,PT,res,8141.365749999992,.7428571428571429,0,0,20,.30000001,2442.4099,0,5810.7734,1004.3843,3560.8999,8721.4004
Portugal,PT,r1,4449.349999999999,1,0,12,20,.5,2224.675,12,5810.7734,1004.3843,3560.8999,8721.4004
Romania,RO,res,3932.100000000001,.8,0,0,20,.30000001,1179.63,0,6959.271,1052.7924,4542,9695
Romania,RO,n,1310,1,.029999999,9,20,.83999997,1100.4,9.6000004,6959.271,1052.7924,4542,9695
Romania,RO,g4,14,.36,.191,20.23,20,.74000001,10.360001,66.805557,6959.271,1052.7924,4542,9695
Romania,RO,c1,5534,.3699999999999999,.38499999,7.112,20,.80000001,4427.2002,40.032433,6959.271,1052.7924,4542,9695
Romania,RO,c2,1225,.3485714285714286,.33700001,8.8900003,20,.76999998,943.25,44.840164,6959.271,1052.7924,4542,9695
Romania,RO,o2,719,.4,.27399999,37.130001,20,.79000002,568.01001,106.525,6959.271,1052.7924,4542,9695
Romania,RO,g1,2840,.3433333333333333,.191,20.23,20,.80000001,2272,70.048546,6959.271,1052.7924,4542,9695
Romania,RO,g3,1046,.61,.191,20.23,20,.81,847.26001,39.426228,6959.271,1052.7924,4542,9695
Romania,RO,g2,1033.2,.388,.191,20.23,20,.79000002,816.22803,61.984535,6959.271,1052.7924,4542,9695
Romania,RO,r1,6189.09,1,0,12,20,.5,3094.5449,12,6959.271,1052.7924,4542,9695
Sweden,SE,n,8627,1,.029999999,9,20,.83999997,7246.6797,9.6000004,15774.646,3574.4565,8930,26558
Sweden,SE,r1,16283.706,1,0,12,20,.5,8141.853,12,15774.646,3574.4565,8930,26558
Sweden,SE,g3,738.4,.5366666666666666,.191,20.23,20,.81,598.104,44.813663,15774.646,3574.4565,8930,26558
Sweden,SE,g1,618,.3433333333333333,.191,20.23,20,.80000001,494.39999,70.048546,15774.646,3574.4565,8930,26558
Sweden,SE,c2,436,.355,.33700001,8.8900003,20,.76999998,335.72,44.028172,15774.646,3574.4565,8930,26558
Sweden,SE,o2,1795,.4,.27399999,37.130001,20,.79000002,1418.05,106.525,15774.646,3574.4565,8930,26558
Sweden,SE,o1,1608,.3533333333333333,.27399999,37.130001,20,.80000001,1286.4,120.59435,15774.646,3574.4565,8930,26558
Sweden,SE,g4,14.31,.36,.191,20.23,20,.74000001,10.5894,66.805557,15774.646,3574.4565,8930,26558
Sweden,SE,o4,52,.34,.27399999,37.130001,20,.74000001,38.48,125.32353,15774.646,3574.4565,8930,26558
Sweden,SE,res,10127.92,.6072727272727272,0,0,20,.30000001,3038.3762,0,15774.646,3574.4565,8930,26558
Sweden,SE,g2,136,.4,.191,20.23,20,.79000002,107.44,60.125,15774.646,3574.4565,8930,26558
Slovenia,SI,g1,490,.365,.191,20.23,20,.80000001,392,65.890411,1525.5962,268.62057,806.23999,2402.25
Slovenia,SI,res,390,.9333333333333332,0,0,20,.30000001,117.00001,0,1525.5962,268.62057,806.23999,2402.25
Slovenia,SI,r1,1132.679,1,0,12,20,.5,566.33948,12,1525.5962,268.62057,806.23999,2402.25
Slovenia,SI,n,664,1,.029999999,9,20,.83999997,557.76001,9.6000004,1525.5962,268.62057,806.23999,2402.25
Slovenia,SI,g3,0,.61,.191,20.23,20,.81,0,39.426228,1525.5962,268.62057,806.23999,2402.25
Slovenia,SI,c1,1224,.3685714285714285,.38499999,7.112,20,.80000001,979.20001,40.187595,1525.5962,268.62057,806.23999,2402.25
Slovenia,SI,o2,0,.36,.27399999,37.130001,20,.79000002,0,118.36111,1525.5962,268.62057,806.23999,2402.25
Slovakia,SK,g1,112.6,.38,.191,20.23,20,.80000001,90.080002,63.289471,3369.1282,445.42612,2395,4519
Slovakia,SK,g3,328.6,.6,.191,20.23,20,.81,266.16602,40.083332,3369.1282,445.42612,2395,4519
Slovakia,SK,r1,1540.190000000001,1,0,12,20,.5,770.09497,12,3369.1282,445.42612,2395,4519
Slovakia,SK,g2,171.625,.36,.191,20.23,20,.79000002,135.58376,66.805557,3369.1282,445.42612,2395,4519
Slovakia,SK,n,2380,1,.029999999,9,20,.83999997,1999.2,9.6000004,3369.1282,445.42612,2395,4519
Slovakia,SK,res,1481.16,.796,0,0,20,.30000001,444.34802,0,3369.1282,445.42612,2395,4519
Slovakia,SK,o4,0,.3600000143051147,.27399999,37.130001,20,.74000001,0,118.36111,3369.1282,445.42612,2395,4519
Slovakia,SK,g4,1.033,.36,.191,20.23,20,.74000001,.76442003,66.805557,3369.1282,445.42612,2395,4519
Slovakia,SK,c1,809,.363,.38499999,7.112,20,.80000001,647.20001,40.804409,3369.1282,445.42612,2395,4519
Slovakia,SK,c2,55,.3700000000000001,.33700001,8.8900003,20,.76999998,42.349998,42.243244,3369.1282,445.42612,2395,4519
United Kingdom,UK,g3,31576.15,.576,.191,20.23,20,.81,25576.682,41.753471,34054.109,7163.0396,2778,55444.5
United Kingdom,UK,n,9568,1,.029999999,9,20,.83999997,8037.1196,9.6000004,34054.109,7163.0396,2778,55444.5
United Kingdom,UK,c1,0,.47,.38499999,7.112,20,.80000001,0,31.514893,34054.109,7163.0396,2778,55444.5
United Kingdom,UK,r1,1499.204,1,0,12,20,.5,749.60199,12,34054.109,7163.0396,2778,55444.5
United Kingdom,UK,o2,10,.4,.27399999,37.130001,20,.79000002,7.9000001,106.525,34054.109,7163.0396,2778,55444.5
United Kingdom,UK,g4,382.297,.35,.191,20.23,20,.74000001,282.89978,68.714287,34054.109,7163.0396,2778,55444.5
United Kingdom,UK,o3,0,.35,.27399999,37.130001,20,.81,0,121.74286,34054.109,7163.0396,2778,55444.5
United Kingdom,UK,c2,12349,.3727272727272727,.33700001,8.8900003,20,.76999998,9508.7295,41.934147,34054.109,7163.0396,2778,55444.5
United Kingdom,UK,g2,52,.3933333333333334,.191,20.23,20,.79000002,41.080002,61.144066,34054.109,7163.0396,2778,55444.5
United Kingdom,UK,g1,1478.952,.3433333333333333,.191,20.23,20,.80000001,1183.1616,70.048546,34054.109,7163.0396,2778,55444.5
United Kingdom,UK,o1,992.6,.3533333333333333,.27399999,37.130001,20,.80000001,794.08002,120.59435,34054.109,7163.0396,2778,55444.5
United Kingdom,UK,o4,242.5,.3500000071525574,.27399999,37.130001,20,.74000001,179.45,121.74286,34054.109,7163.0396,2778,55444.5
United Kingdom,UK,res,38326.85618999998,.6163636363636364,0,0,20,.30000001,11498.058,0,34054.109,7163.0396,2778,55444.5
